{
  "project_info": {
    "project_number": "1075849661666",
    "firebase_url": "https://opsc7312-ebefd-default-rtdb.europe-west1.firebasedatabase.app",
    "project_id": "opsc7312-ebefd",
    "storage_bucket": "opsc7312-ebefd.appspot.com"
  },
  "client": [
    {
      "client_info": {
        "mobilesdk_app_id": "1:1075849661666:android:25fd159ae08f8f32f522bb",
        "android_client_info": {
          "package_name": "com.example.loginopsc7311"
        }
      },
      "oauth_client": [
        {
          "client_id": "1075849661666-ort06k3uf0cfk6qhqdoptk7nnmsb4dci.apps.googleusercontent.com",
          "client_type": 3
        }
      ],
      "api_key": [
        {
          "current_key": "AIzaSyDhKRDJMn7S7OAJfGfynfJjKXwRY66m-n0"
        }
      ],
      "services": {
        "appinvite_service": {
          "other_platform_oauth_client": [
            {
              "client_id": "1075849661666-ort06k3uf0cfk6qhqdoptk7nnmsb4dci.apps.googleusercontent.com",
              "client_type": 3
            }
          ]
        }
      }
    },
    {
      "client_info": {
        "mobilesdk_app_id": "1:1075849661666:android:9f329b49690a567df522bb",
        "android_client_info": {
          "package_name": "com.example.opsc7312_final"
        }
      },
      "oauth_client": [
        {
          "client_id": "1075849661666-ort06k3uf0cfk6qhqdoptk7nnmsb4dci.apps.googleusercontent.com",
          "client_type": 3
        }
      ],
      "api_key": [
        {
          "current_key": "AIzaSyDhKRDJMn7S7OAJfGfynfJjKXwRY66m-n0"
        }
      ],
      "services": {
        "appinvite_service": {
          "other_platform_oauth_client": [
            {
              "client_id": "1075849661666-ort06k3uf0cfk6qhqdoptk7nnmsb4dci.apps.googleusercontent.com",
              "client_type": 3
            }
          ]
        }
      }
    },
    {
      "client_info": {
        "mobilesdk_app_id": "1:1075849661666:android:44f893e25b2647bdf522bb",
        "android_client_info": {
          "package_name": "com.example.opsc_login"
        }
      },
      "oauth_client": [
        {
          "client_id": "1075849661666-ort06k3uf0cfk6qhqdoptk7nnmsb4dci.apps.googleusercontent.com",
          "client_type": 3
        }
      ],
      "api_key": [
        {
          "current_key": "AIzaSyDhKRDJMn7S7OAJfGfynfJjKXwRY66m-n0"
        }
      ],
      "services": {
        "appinvite_service": {
          "other_platform_oauth_client": [
            {
              "client_id": "1075849661666-ort06k3uf0cfk6qhqdoptk7nnmsb4dci.apps.googleusercontent.com",
              "client_type": 3
            }
          ]
        }
      }
    }
  ],
  "configuration_version": "1"
}